x,y,z,edep,cryst,segm,d,h,m,mys
11.693,-6.0971,5.7802,0.038,29,0,0,0,0,6478853091.09756
11.629,-6.1212,5.9472,772.01,29,0,0,0,0,6478853091.09756
30.189,-1.6367,14.707,1.402,29,10,0,0,0,6478853091.16756
30.205,-1.6196,14.707,199.08,29,10,0,0,0,6478853091.16756
30.205,-1.6203,14.707,4.64,29,10,0,0,0,6478853091.16756
32.325,-5.2677,18.494,11.067,29,10,0,0,0,6478853091.18656
32.341,-5.3121,18.517,344.76,29,10,0,0,0,6478853091.18656
